{"cameraMode":{"drawMode":0,"name":"Shaded","section":"Shading Mode"},"sceneLighting":false,"audioPlay":false,"sceneViewState":{"m_AlwaysRefresh":false,"showFog":true,"showSkybox":false,"showFlares":true,"showImageEffects":true,"showParticleSystems":true,"showVisualEffectGraphs":true,"m_FxEnabled":true},"in2DMode":false,"pivot":{"x":9.5367431640625e-7,"y":0.873903751373291,"z":-0.02284608781337738},"rotation":{"x":0.07806088030338288,"y":0.06606059521436691,"z":-0.005148791708052158,"w":0.9947595596313477},"size":1.1856101751327515,"orthographic":false}